Wall time,Step,Value
1687816792.4022813,3840,8.35256290435791
1687816963.456389,7680,8.787775993347168
1687817124.1964285,11520,9.817476272583008
1687817299.831815,15360,10.550580978393555
1687817472.2887242,19200,10.800566673278809
1687817640.0376194,23040,11.62094783782959
1687817823.9844031,26880,13.54586124420166
1687817997.4817803,30720,15.421551704406738
1687818176.6099772,34560,16.535736083984375
1687818361.1821404,38400,18.083663940429688
1687818545.5140343,42240,19.310604095458984
1687818715.598116,46080,19.801074981689453
1687818888.7309077,49920,21.083988189697266
1687819064.4740608,53760,21.36756706237793
1687819240.4588294,57600,22.58988380432129
1687819406.359394,61440,22.701786041259766
1687819585.161971,65280,24.18154525756836
1687819769.6552882,69120,26.064565658569336
1687819951.3164432,72960,27.345605850219727
